drop database if exists secur_it;
create database secur_it;
use secur_it;

create table stanowiska (
    id_stanowisko int primary key auto_increment,
    nazwa varchar(50)
);

create table lokalizacje (
    id_lokalizacja int primary key auto_increment,
    numer_budynku varchar(10),
    ulica varchar(100),
    miasto varchar(200),
    kod_pocztowy varchar(10),
    kraj varchar(50)
);

create table dzialy (
    id_dzial int primary key auto_increment,
    nazwa_dzialu varchar(100)
);

create table typy_paliwa (
    id_typ_paliwa int primary key auto_increment,
    typ_paliwa varchar(10)
);

create table samochody (
    id_samochod int primary key auto_increment,
    marka varchar(50),
    model varchar(100),
    rok_produkcji date,
    kolor varchar(50),
    przebieg varchar (15),
    pojemnosc_silnika varchar(20),
    moc varchar(10),
    id_typ_paliwa int,
    numer_vin varchar(30),
    foreign key (id_typ_paliwa) references typy_paliwa (id_typ_paliwa)
);

create table rabaty (
    id_rabat int primary key auto_increment,
    wartosc_rabatu varchar(5)
);

create table numery_kierunkowe (
    id_numer_kierunkowy int primary key auto_increment,
    numer_kierunkowy varchar(10),
    kraj varchar(50)
);

create table firmy (
    id_firma int primary key auto_increment,
    nazwa varchar(50),
    nazwa_cd varchar(100),
    id_numer_kierunkowy int,
    numer_telefonu int,
    adres_e_mail varchar(200),
    foreign key (id_numer_kierunkowy) references numery_kierunkowe (id_numer_kierunkowy)
);

create table uzytkownicy (
    id_uzytkownik int primary key auto_increment,
    id_administrator int,
    id_pracownik int,
    id_firma int,
    imie varchar(50),
    nazwisko varchar(100),
    id_numer_kierunkowy int,
    numer_telefonu int,
    adres_e_mail varchar(200),
    nick varchar(50),
    haslo varchar(250),
    id_rabat int,
    foreign key (id_administrator) references administratorzy (id_administrator),
    foreign key (id_pracownik) references pracownicy (id_pracownik),
    foreign key (id_firma) references firmy (id_firma),
    foreign key (id_rabat) references rabaty (id_rabat)
);

create table pracownicy (
    id_pracownik int primary key auto_increment,
    adres_zamieszkania varchar (200),
    PESEL varchar(11),
    numer_umowy varchar(200),
    numer_ubezpieczenia varchar(200),
    data_urodzenia date,
    data_zatrudnienia date,
    wynagrodzenie varchar(200),
    zdjecie varchar(100),
    id_uzytkownik int,
    id_stanowisko int,
    id_lokalizacja_pracy int,
    id_dzial int,
    id_samochod int,
    foreign key (id_uzytkownik) references uzytkownicy (id_uzytkownik),
    foreign key (id_numer_kierunkowy) references numery_kierunkowe (id_numer_kierunkowy),
    foreign key (id_stanowisko) references stanowiska (id_stanowisko),
    foreign key (id_lokalizacja_pracy) references lokalizacje (id_lokalizacja),
    foreign key (id_samochod) references samochody (id_samochod)
);

create table administratorzy (
    id_administrator int primary key auto_increment,
    id_pracownik int,
    foreign key (id_pracownik) references pracownicy (id_pracownik)
);

create table typy_uslug (
    id_typ_uslugi int primary key auto_increment,
    typ_uslugi varchar(100)
);

create table uslugi (
    id_uslugi int primary key auto_increment,
    id_typ_uslugi int,
    nazwa varchar(100),
    opis longtext,
    cena decimal(10,2),
    foreign key (id_typ_uslugi) references typy_uslug (id_typ_uslugi)
);

create table wpisy (
    id_wpis int primary key auto_increment,
    id_uzytkownik int,
    tytul varchar(200),
    tresc longtext,
    data_dodania datetime,
    id_pracownik_zatwierdzajacy int,
    data_zatwierdzenia datetime,
    foreign key (id_uzytkownik) references uzytkownicy (id_uzytkownik),
    foreign key (id_pracownik_zatwierdzajacy) references pracownicy (id_pracownik)
);

create table opinie(
    id_opinia int primary key auto_increment,
    id_uzytkownik int,
    foreign key (id_uzytkownik) references uzytkownicy (id_uzytkownik)
);

create table o_firmie(
    id_o_firmie int primary key auto_increment,
    tytul varchar(255),
    opis longtext
);

create table formularz_kontaktowy(
    id_formularz_kontaktowy int primary key auto_increment,
    imie varchar(50),
    nazwisko varchar(100),
    e_mail varchar(200),
    id_numer_kierunkowy int,
    numer_telefonu varchar(30),
    tytul varchar(150),
    wiadomosc longtext,
    foreign key (id_numer_kierunkowy) references numery_kierunkowe (id_numer_kierunkowy)
);



insert into `numery_kierunkowe`(`kraj`, `numer_kierunkowy`) values
('Afganistan', '+93'),
('Alaska', '+1907'),
('Albania', '+355'),
('Algieria', '+213'),
('Andora', '+376'),
('Angola', '+244'),
('Antyle Holenderskie', '+599'),
('Arabia Saudyjska', '+966'),
('Argentyna', '+54'),
('Armenia', '+374'),
('Australia', '+61'),
('Austria', '+43'),
('Azerbejdżan', '+994'),
('Bahamy', '+1242'),
('Bahrajn', '+973'),
('Bangladesz', '+880'),
('Belgia', '+32'),
('Benin', '+229'),
('Białoruś', '+375'),
('Boliwia', '+591'),
('Bośnia i Hercegowina', '+387'),
('Botswana', '+267'),
('Brazylia', '+55'),
('Brunei', '+673'),
('Bułgaria', '+359'),
('Burkina Faso', '+226'),
('Burundi', '+257'),
('Chile', '+56'),
('Chiny', '+86'),
('Chorwacja', '+385'),
('Cook’a Wyspy', '+682'),
('Cypr', '+357'),
('Czad', '+235'),
('Czechy', '+420'),
('Dania', '+45'),
('Diego Garcia', '+246'),
('Dominikana', '+1809'),
('Dżibuti', '+253'),
('Egipt', '+20'),
('Ekwador', '+593'),
('Erytrea', '+291'),
('Estonia', '+372'),
('Etiopia', '+251'),
('Falklandy', '+500'),
('Fidżi', '+679'),
('Filipiny', '+63'),
('Finlandia', '+358'),
('Francja', '+33'),
('Gabon', '+241'),
('Gambia', '+220'),
('Ghana', '+233'),
('Gibraltar', '+350'),
('Grecja', '+30'),
('Grenlandia', '+299'),
('Gruzja', '+995'),
('Gujana Francuska', '+594'),
('Gujana', '+592'),
('Gwadelupa', '+590'),
('Gwinea – Bissau', '+245'),
('Gwinea Równikowa', '+240'),
('Gwinea', '+224'),
('Hawaje', '+1808'),
('Hiszpania', '+34'),
('Holandia', '+31'),
('Hong Kong', '+852'),
('Indie', '+91'),
('Indonezja', '+62'),
('Irak', '+964'),
('Iran', '+98'),
('Irlandia', '+353'),
('Islandia', '+354'),
('Izrael', '+972'),
('Japonia', '+81'),
('Jemen', '+967'),
('Jordania', '+962'),
('Jugosławia', '+381'),
('Kambodża', '+588'),
('Kamerun', '+237'),
('Kanada', '+1'),
('Kanaryjskie Wyspy', '+34'),
('Katar', '+974'),
('Kazachstan', '+7'),
('Kenia', '+254'),
('Kirgistan', '+996'),
('Kiribati', '+686'),
('Kolumbia', '+57'),
('Komory', '+269'),
('Kongo Republika Demokrat.', '+234'),
('Kongo', '+242'),
('Korea Południowa', '+82'),
('Koreańska RL-D', '+850'),
('Kostaryka', '+506'),
('Kuba', '+53'),
('Kuwejt', '+965'),
('Laos', '+856'),
('Lesotho', '+266'),
('Liban', '+961'),
('Liberia', '+231'),
('Libia', '+218'),
('Liechtenstein', '+423'),
('Litwa', '+370'),
('Luksemburg', '+352'),
('Łotwa', '+371'),
('Macedonia', '+389'),
('Madagaskar', '+261'),
('Makau', '+853'),
('Malawi', '+265'),
('Malediwy', '+960'),
('Malezja', '+60'),
('Mali', '+223'),
('Malta', '+356'),
('Maroko', '+212'),
('Marshalla Wyspy', '+692'),
('Martynika', '+596'),
('Mauretania', '+222'),
('Mauritius', '+230'),
('Meksyk', '+52'),
('Mołdawia', '+373'),
('Monako', '+377'),
('Mongolia', '+976'),
('Mozambik', '+258'),
('Myanmar (Birma)', '+95'),
('Namibia', '+264'),
('Nauru', '+674'),
('Nepal', '+977'),
('Niemcy', '+49'),
('Niger', '+227'),
('Nigeria', '+234'),
('Nikaragua', '+505'),
('Niue', '+683'),
('Norfolk Wyspa', '+672'),
('Norwegia', '+47'),
('Nowa Kaledonia', '+687'),
('Nowa Zelandia', '+64'),
('Oman', '+968'),
('Owcze Wyspy', '+298'),
('Pakistan', '+92'),
('Palau', '+680'),
('Palestyna', '+970'),
('Panama', '+507'),
('Papua Nowa Gwinea', '+675'),
('Paragwaj', '+595'),
('Peru', '+51'),
('Polinezja Francuska', '+689'),
('Polska', '+48'),
('Portoryko', '+1787'),
('Portugalia', '+351'),
('Republika Południowej Afryki', '+27'),
('Republika Środkowoafrykańska', '+236'),
('Reunion', '+262'),
('Rosja', '+7'),
('Rumunia', '+40'),
('Rwanda', '+250'),
('Sain Christopher i Nevis', '+1869'),
('Saint Lucia', '+1758'),
('Saint Vincent', '+1809'),
('Salomona Wyspy', '+677'),
('Salwador', '+503'),
('Samoa Zachodnie', '+685'),
('Samoa', '+684'),
('San Marino', '+378'),
('Senegal', '+221'),
('Seszele', '+248'),
('Sierra Leone', '+232'),
('Singapur', '+65'),
('Słowacja', '+421'),
('Słowenia', '+386'),
('Somalia', '+252'),
('Sri Lanka', '+94'),
('Stany Zjednoczone Ameryki', '+1'),
('Suazi', '+268'),
('Sudan', '+249'),
('Surinam', '+597'),
('Syria', '+963'),
('Szwajcaria', '+41'),
('Szwecja', '+46'),
('Św. Heleny Wyspa', '+290'),
('Św. Piotra i Mikeleona Wyspy', '+508'),
('Św. Tomasza Wyspy', '+239'),
('Tadżykistan', '+992'),
('Tajlandia', '+66'),
('Tajwan', '+886'),
('Tanzania', '+255'),
('Togo', '+228'),
('Tokelau', '+690'),
('Tonga', '+676'),
('Tunezja', '+216'),
('Turcja', '+90'),
('Turkmenistan', '+993'),
('Turks i Caicos', '+1649'),
('Tuvalu', '+688'),
('Uganda', '+256'),
('Ukraina', '+380'),
('Urugwaj', '+598'),
('Uzbekistan', '+998'),
('Vanuatu', '+678'),
('Wallis i Futuna', '+681'),
('Watykan', '+39'),
('Wenezuela', '+58'),
('Węgry', '+36'),
('Wielka Brytania', '+44'),
('Wietnam', '+84'),
('Włochy', '+39'),
('Wniebowstąpienia Wyspa', '+247'),
('Wybrzeże Kości Słoniowej', '+225'),
('Zambia', '+260'),
('Zanzibar', '+259'),
('Zielonego Przylądka Wyspy', '+238'),
('Zimbabwe', '+263');

INSERT INTO `typy_uslug` (`id_typ_uslugi`, `typ_uslugi`) VALUES ('1', 'Sieci Komputerowe'), ('2', 'Systemy Operacyjne'), ('3', 'Bazy Danych'), ('4', 'Strony Internetowe'), ('5', 'Serwis Komputerowy');

INSERT INTO `stanowiska` (`id_stanowisko`, `nazwa`) VALUES ('1', 'CEO');

INSERT INTO `dzialy` (`id_dzial`, `nazwa_dzialu`) VALUES ('1', 'Brak'); 

INSERT INTO `uslugi` (`id_uslugi`, `id_typ_uslugi`, `nazwa`, `opis`, `cena`) VALUES ('1', '1', 'Test Sieci Komputerowe', 'Test', '200'), ('2', '2', 'Test Systemy Operacyjne', 'Test', '100'), ('3', '3', 'Test Bazy Danych', 'Test', '250'), ('4', '4', 'Test Strony Internetowe', 'Test', '500'), ('5', '5', 'Test Serwis Komputerowy', 'Test', '200');

INSERT INTO `rabaty`(`id_rabat`, `wartosc_rabatu`) VALUES 
('1','0,01'),
('2','0,02'),
('3','0,03'),
('4','0,04'),
('5','0,05'),
('6','0,06'),
('7','0,07'),
('8','0,08'),
('9','0,09'),
('10','0,1'),
('11','0,11'),
('12','0,12'),
('13','0,13'),
('14','0,14'),
('15','0,15'),
('16','0,16'),
('17','0,17'),
('18','0,18'),
('19','0,19'),
('20','0,2'),
('21','0,21'),
('22','0,22'),
('23','0,23'),
('24','0,24'),
('25','0,25'),
('26','0,26'),
('27','0,27'),
('28','0,28'),
('29','0,29'),
('30','0,3'),
('31','0,31'),
('32','0,32'),
('33','0,33'),
('34','0,34'),
('35','0,35'),
('36','0,36'),
('37','0,37'),
('38','0,38'),
('39','0,39'),
('40','0,4'),
('41','0,41'),
('42','0,42'),
('43','0,43'),
('44','0,44'),
('45','0,45'),
('46','0,46'),
('47','0,47'),
('48','0,48'),
('49','0,49'),
('50','0,5'),
('51','0,51'),
('52','0,52'),
('53','0,53'),
('54','0,54'),
('55','0,55'),
('56','0,56'),
('57','0,57'),
('58','0,58'),
('59','0,59'),
('60','0,6'),
('61','0,61'),
('62','0,62'),
('63','0,63'),
('64','0,64'),
('65','0,65'),
('66','0,66'),
('67','0,67'),
('68','0,68'),
('69','0,69'),
('70','0,7'),
('71','0,71'),
('72','0,72'),
('73','0,73'),
('74','0,74'),
('75','0,75'),
('76','0,76'),
('77','0,77'),
('78','0,78'),
('79','0,79'),
('80','0,8'),
('81','0,81'),
('82','0,82'),
('83','0,83'),
('84','0,84'),
('85','0,85'),
('86','0,86'),
('87','0,87'),
('88','0,88'),
('89','0,89'),
('90','0,9'),
('91','0,91'),
('92','0,92'),
('93','0,93'),
('94','0,94'),
('95','0,95'),
('96','0,96'),
('97','0,97'),
('98','0,98'),
('99','0,99'),
('100','1');
